SDP,584.8852044559261
CLE,490.22843286487245
WAS,602.9468572933133
NYY,1604.3502272930848
SLC,1079.9048827585732
SEA,452.5568989323643
CHC,533.1040807497502
MIN,519.6072277483661
ARI,267.36312569944414
COL,372.8139788816994
TOR,1745.0346422720609
ANA,620.1847494442853
BOS,1210.767022613943
CIN,367.5446278260303
CWS,975.5676524784975
KCR,1285.4451674990537
LAD,1031.4852728398596
PHI,473.5148537198509
MIA,417.8613493815416
TBR,360.21883937805535
SFG,118.91349969712407
HOU,941.1205750425818
DET,442.04631537272314
MIL,371.51898400104375
TEX,823.4763741876543
OAK,146.820246475533
NYM,1229.6809882746593
ATL,466.51969732852933
BAL,664.8747611877593
PIT,906.731791647465
