,2015-01-04,2015-01-11,2015-01-18,2015-01-25,2015-02-01,2015-02-08,2015-02-15,2015-02-22,2015-03-01,2015-03-08,2015-03-15,2015-03-22,2015-03-29,2015-04-05,2015-04-12,2015-04-19,2015-04-26,2015-05-03,2015-05-10,2015-05-17,2015-05-24,2015-05-31,2015-06-07,2015-06-14,2015-06-21,2015-06-28,2015-07-05,2015-07-12,2015-07-19,2015-07-26,2015-08-02,2015-08-09,2015-08-16,2015-08-23,2015-08-30,2015-09-06,2015-09-13,2015-09-20,2015-09-27,2015-10-04,2015-10-11,2015-10-18,2015-10-25,2015-11-01,2015-11-08,2015-11-15,2015-11-22,2015-11-29,2015-12-06,2015-12-13,2015-12-20,2015-12-27,2016-01-03
ANA,10,0,1,2,1,35,0,0,5,17,5,2,10,9,17,22,16,11,11,7,4,10,7,1,7,22,18,10,31,22,13,11,3,0,7,5,6,5,35,17,5,6,0,2,22,4,7,4,25,2,5,0,
ARI,9,5,0,0,5,0,5,0,1,3,0,4,2,7,15,2,2,2,1,14,2,12,5,4,4,2,1,0,2,6,4,9,8,9,1,7,0,5,0,5,5,1,0,11,10,4,8,19,26,14,7,0,
ATL,5,5,37,9,0,4,7,2,0,13,10,2,10,21,8,18,5,7,8,11,12,8,17,10,1,3,4,12,32,15,19,0,12,7,28,32,14,11,9,13,5,2,0,0,22,28,5,20,41,9,2,2,
BAL,8,4,2,5,2,5,71,6,5,3,3,6,2,13,4,13,106,7,10,12,20,2,9,19,17,19,11,11,8,24,4,29,11,14,12,9,5,2,14,19,4,4,0,0,12,4,5,10,30,7,7,7,
BOS,15,4,7,17,6,15,14,21,6,11,10,8,25,35,33,27,16,34,10,18,16,25,32,9,25,13,26,11,60,56,30,57,25,23,31,46,24,11,41,9,3,9,6,10,24,12,0,62,42,20,21,12,
CHC,8,8,20,2,5,4,10,12,12,19,10,10,20,36,16,23,14,18,21,7,4,4,13,16,42,15,15,7,43,43,17,48,3,30,28,22,19,52,73,97,148,97,23,4,10,10,2,19,83,12,9,2,
CIN,0,0,0,7,3,6,0,8,4,6,4,4,8,9,8,18,2,6,8,10,10,4,3,2,7,6,0,0,24,29,8,2,12,5,17,14,1,1,13,0,0,2,0,6,13,4,0,4,16,13,2,6,
CLE,4,25,2,2,2,4,5,0,11,11,7,8,8,21,2,14,3,2,8,3,8,3,6,9,13,22,3,2,16,11,11,13,7,1,13,2,24,5,2,0,0,4,0,1,3,5,4,14,6,2,8,0,
COL,2,7,0,0,4,5,0,0,0,2,2,4,0,16,3,9,0,9,26,11,7,6,0,7,0,7,1,8,3,40,3,3,27,17,8,5,14,9,3,6,2,0,4,10,7,3,4,0,14,13,5,0,
CWS,5,8,2,8,10,1,6,4,5,15,4,4,9,12,6,32,80,5,2,4,4,2,1,16,4,7,14,2,15,25,3,17,5,4,3,5,9,0,2,0,8,0,0,7,0,0,0,7,6,4,4,6,
DET,3,3,5,5,10,9,14,5,2,0,7,0,3,22,25,7,0,4,4,3,5,9,2,5,3,23,9,7,23,26,11,8,12,13,9,11,11,7,4,2,0,3,0,3,0,7,5,14,17,7,0,0,
HOU,1,11,9,5,0,6,0,0,1,2,0,12,8,2,2,5,39,45,9,20,12,14,31,43,12,9,8,11,18,56,13,1,20,24,5,13,23,12,38,56,57,2,3,1,6,14,4,7,30,0,5,2,
KCR,2,5,7,8,10,3,2,36,0,1,2,5,9,24,39,70,5,2,7,35,11,11,4,22,23,19,30,13,32,42,12,17,17,26,22,30,29,26,40,44,122,104,122,166,9,5,1,12,12,4,12,10,
LAD,6,6,8,3,11,60,8,4,8,13,8,16,17,16,10,13,11,11,22,16,19,6,4,8,16,23,11,4,16,55,16,25,52,13,54,11,30,13,32,36,72,15,7,15,6,8,17,31,68,22,11,10,
MIA,2,6,15,12,2,12,0,3,0,0,11,6,8,12,7,15,24,7,11,48,14,4,2,7,5,1,5,2,18,38,11,8,7,8,10,10,10,6,6,22,2,0,14,0,12,18,18,15,33,5,13,11,
MIL,2,0,4,21,7,2,5,6,2,5,2,5,1,12,1,9,10,29,12,8,2,11,2,7,7,9,9,5,14,13,0,21,9,0,10,9,0,4,4,2,2,0,7,2,5,12,0,4,5,4,0,2,
MIN,5,0,1,2,5,21,0,0,1,3,6,10,2,22,8,4,4,20,3,2,26,15,14,5,14,5,36,11,4,5,22,11,8,10,4,4,29,7,9,4,0,2,0,2,17,0,0,6,1,1,0,0,
NYM,7,78,4,2,4,2,3,7,3,6,7,6,10,17,21,46,22,22,25,16,12,12,6,24,22,31,17,29,64,89,42,25,30,72,23,68,19,40,57,40,126,142,109,60,9,11,5,4,35,9,25,0,
NYY,16,17,11,7,5,16,26,23,10,21,2,20,12,31,13,16,26,21,13,7,34,11,13,10,13,20,12,18,18,53,42,75,19,24,27,25,20,30,39,33,2,9,1,6,24,14,5,4,34,5,14,22,
OAK,0,0,0,4,2,0,0,1,0,20,0,2,2,2,0,5,2,0,7,0,3,0,0,5,0,3,5,1,5,0,6,5,3,4,0,5,9,2,11,2,1,0,0,0,0,7,0,5,5,0,5,2,
PHI,0,4,2,3,18,4,2,2,3,2,9,2,3,10,5,12,7,10,4,2,6,7,31,29,4,7,12,26,14,27,9,24,17,10,18,16,17,17,10,33,3,2,0,1,4,9,4,6,4,16,9,10,
PIT,4,6,16,0,5,0,2,5,25,0,2,4,12,8,7,7,9,4,17,28,5,13,30,42,21,12,16,12,28,33,44,10,10,24,10,10,2,18,13,7,2,4,6,2,10,2,7,4,23,5,3,2,
SDP,21,14,3,5,21,21,6,2,1,4,2,4,3,45,7,5,5,4,16,4,11,15,17,12,4,1,9,7,22,58,0,19,12,9,6,5,0,10,15,1,6,8,5,2,15,2,10,22,19,4,7,0,
SEA,0,0,22,3,0,12,7,2,1,8,6,4,11,5,10,1,13,8,30,7,7,14,20,13,7,9,6,15,6,29,5,10,12,16,14,16,5,5,8,2,3,10,1,4,17,13,25,19,30,7,6,0,
SFG,4,0,0,0,7,0,2,4,6,2,0,1,0,0,0,2,0,5,0,6,0,1,5,11,5,0,3,1,0,0,0,1,2,2,12,2,2,1,2,0,0,0,0,0,0,2,0,0,0,0,0,0,
SLC,10,31,17,7,14,11,20,35,9,7,6,26,17,39,26,22,30,33,61,63,37,14,18,73,26,39,44,34,59,47,37,36,35,37,34,32,24,17,67,63,80,16,3,33,20,9,8,28,52,8,34,7,
TBR,4,4,1,0,2,0,0,0,4,10,4,4,10,1,10,3,24,2,2,6,11,5,0,16,16,9,5,4,3,18,12,7,10,7,4,4,0,4,13,2,5,1,7,11,0,4,2,7,6,3,1,5,
TEX,5,8,8,5,3,2,5,10,1,10,0,3,4,3,3,3,19,24,1,10,21,6,10,11,9,14,20,5,2,62,31,0,23,6,8,10,22,7,21,76,80,0,2,0,5,5,3,1,4,19,2,0,
TOR,7,15,14,11,7,2,8,15,44,5,15,4,11,7,12,19,17,13,4,22,18,14,41,22,26,18,3,10,15,163,50,107,13,42,59,45,46,46,65,81,190,114,11,19,16,16,25,13,5,40,2,2,
WAS,8,9,8,2,5,5,11,0,0,0,2,10,0,12,8,4,7,5,7,25,0,21,14,15,25,4,6,12,7,24,32,11,21,23,8,14,0,13,20,8,9,4,10,24,17,2,2,4,19,12,10,5,
