,1/1/15,1/8/15,1/15/15,1/22/15,1/29/15,2/5/15,2/12/15,2/19/15,2/26/15,3/5/15,3/12/15,3/19/15,3/26/15,4/2/15,4/9/15,4/16/15,4/23/15,4/30/15,5/7/15,5/14/15,5/21/15,5/28/15,6/4/15,6/11/15,6/18/15,6/25/15,7/2/15,7/9/15,7/16/15,7/23/15,7/30/15,8/6/15,8/13/15,8/20/15,8/27/15,9/3/15,9/10/15,9/17/15,9/24/15,10/1/15,10/8/15,10/15/15,10/22/15,10/29/15,11/5/15,11/12/15,11/19/15,11/26/15,12/3/15,12/10/15,12/17/15,12/24/15,
ANA,8,2,1,0,3,2,33,0,5,0,17,5,9,4,18,7,31,11,11,14,2,4,15,1,7,16,17,17,25,18,17,10,8,2,7,4,7,2,24,31,5,0,6,2,2,24,5,3,7,23,5,0,
ARI,7,7,0,0,2,3,0,5,1,3,0,2,2,4,16,6,2,2,1,12,3,6,12,4,4,0,3,0,0,6,6,9,7,8,3,2,5,2,3,4,6,1,0,0,19,4,10,11,34,14,7,0,
ATL,3,7,35,8,3,2,7,4,0,8,5,10,4,26,5,22,5,4,11,11,13,5,14,11,7,1,4,6,31,15,17,11,2,11,16,50,7,13,10,17,5,0,2,0,9,30,16,14,36,15,7,2,
BAL,4,7,1,7,0,7,3,71,3,7,2,7,2,2,16,7,105,7,17,7,19,8,4,17,24,17,8,8,15,7,20,24,17,8,14,7,11,2,10,24,0,6,2,0,12,2,7,10,10,27,7,7,
BOS,14,9,4,11,11,16,11,27,1,11,12,6,21,21,52,28,17,16,25,13,17,20,31,23,24,7,27,11,39,50,51,22,66,23,36,24,28,29,27,25,3,2,13,10,12,14,10,41,49,26,19,22,
CHC,2,8,14,12,7,2,7,12,14,15,11,14,16,33,14,27,19,12,17,19,2,5,9,20,33,14,26,0,21,47,35,25,31,26,32,17,7,38,68,90,137,139,17,24,6,9,7,10,59,45,9,2,
CIN,0,0,0,2,6,8,0,8,0,8,4,2,9,5,15,17,3,0,9,10,8,9,2,5,7,5,1,0,10,29,20,4,7,10,17,6,9,1,2,11,0,2,0,6,12,3,2,4,12,9,10,6,
CLE,0,5,24,4,2,0,7,2,5,12,12,4,8,7,20,8,7,2,3,10,8,0,7,7,17,15,9,3,9,16,2,23,5,4,13,2,22,2,7,0,0,2,2,1,3,5,2,16,5,1,10,0,
COL,2,5,2,0,4,5,0,0,0,2,2,4,0,14,4,7,3,0,21,19,11,8,0,4,3,1,7,2,7,28,16,4,6,33,11,7,7,12,6,7,2,0,2,2,17,1,6,0,10,10,12,0,
CWS,5,3,5,3,12,5,7,2,7,5,14,2,8,3,14,16,100,4,3,2,6,0,3,6,14,3,15,3,11,17,17,2,18,4,3,7,7,2,0,2,7,1,0,7,0,0,0,2,11,4,2,8,
DET,3,0,3,10,0,19,14,2,3,2,0,7,2,10,33,5,7,4,4,2,6,4,7,2,6,12,11,9,30,14,21,9,6,10,15,8,13,10,5,3,0,2,1,1,2,2,5,12,24,5,2,0,
HOU,1,6,8,6,5,6,0,0,0,1,2,4,14,4,0,7,16,61,14,14,13,15,35,30,20,16,1,15,17,36,33,5,14,30,3,13,10,18,23,54,76,9,2,2,0,15,9,3,27,7,5,2,
KCR,2,0,12,5,9,4,5,0,36,0,1,2,8,6,56,31,50,1,9,11,34,10,6,14,31,19,12,27,26,45,15,16,22,12,27,24,39,11,48,27,86,139,115,196,13,7,2,6,16,6,12,10,
LAD,2,7,8,6,10,55,8,10,8,5,8,21,7,16,18,7,14,12,21,8,28,8,9,3,12,16,22,5,13,36,36,29,32,29,55,8,31,11,33,17,61,38,17,10,14,8,18,17,62,32,22,10,
MIA,7,1,15,5,12,9,5,2,1,0,11,5,5,16,6,12,23,10,10,32,26,11,2,7,2,4,0,7,10,26,25,12,4,13,6,14,9,6,7,15,9,0,7,7,4,13,21,21,32,10,6,18,
MIL,2,0,0,24,8,0,6,5,4,0,7,5,1,5,7,10,6,33,2,12,6,11,2,7,7,4,14,3,13,9,9,7,17,6,0,17,2,4,0,6,2,0,7,0,7,10,2,4,3,4,2,2,
MIN,5,0,1,2,0,5,21,0,0,3,6,8,5,5,23,6,0,11,15,3,19,20,10,11,9,5,25,21,8,5,2,33,2,16,2,4,9,29,8,4,1,2,0,0,19,0,0,6,0,1,1,0,
NYM,7,74,10,0,6,0,5,3,4,5,11,5,8,10,24,38,30,24,15,28,14,5,8,24,19,22,26,31,48,74,68,25,19,68,36,64,27,17,46,50,94,168,117,90,6,10,6,7,35,9,19,8,
NYY,13,22,10,12,5,2,33,20,18,16,8,11,14,15,33,5,31,26,11,12,33,9,15,5,16,13,14,19,13,35,50,84,29,23,31,8,32,26,23,52,10,3,7,6,19,12,12,0,36,5,6,32,
OAK,0,0,0,0,6,0,0,0,1,0,20,0,4,2,0,3,4,0,2,5,3,0,0,0,5,0,3,6,0,5,4,2,8,0,4,5,7,2,13,0,3,0,0,0,0,5,2,5,5,0,5,2,
PHI,5,2,2,5,17,4,3,1,3,3,0,9,4,11,5,9,3,12,5,4,8,7,5,38,21,2,17,26,5,20,18,21,16,18,10,18,22,5,26,30,6,2,0,1,4,2,9,4,8,7,18,10,
PIT,2,7,13,4,1,4,2,1,27,2,2,1,9,6,13,2,16,4,10,31,7,15,1,55,33,13,9,18,13,37,45,24,8,21,13,12,2,16,6,14,4,2,2,8,1,9,3,6,23,7,3,4,
SDP,4,26,6,4,5,38,4,6,0,5,0,4,5,35,14,5,3,9,7,9,9,6,24,18,3,3,1,9,26,19,42,19,7,10,4,11,0,5,15,6,4,9,1,7,4,13,10,15,22,8,5,2,
SEA,0,0,6,19,0,6,11,4,0,8,6,3,10,8,9,1,14,8,24,13,7,8,13,21,12,5,6,15,5,19,20,8,9,10,25,9,12,5,8,2,3,5,6,2,14,17,26,12,25,12,13,0,
SFG,0,4,0,0,2,5,2,0,10,2,0,1,0,0,0,2,0,0,5,0,6,1,0,11,5,5,0,3,1,0,0,0,3,2,12,0,2,3,2,0,0,0,0,0,0,0,2,0,0,0,0,0,
SLC,13,10,33,12,15,12,8,40,12,9,8,18,19,20,37,26,21,38,53,48,61,19,17,59,36,47,31,45,53,36,27,56,37,39,42,30,19,17,43,55,110,22,6,30,20,10,6,23,40,24,41,7,
TBR,2,8,0,1,2,0,0,0,2,11,5,4,7,4,2,8,22,5,4,2,15,3,2,4,27,3,8,6,3,15,17,7,8,5,6,5,1,2,10,7,2,3,6,7,6,2,4,0,13,1,3,5,
TEX,5,2,14,2,6,1,1,10,5,9,2,1,6,2,4,1,19,19,8,2,25,7,11,9,8,14,19,8,5,38,40,15,16,11,7,11,14,13,9,44,124,4,0,2,5,5,3,1,4,4,17,0,
TOR,7,6,16,11,9,5,5,6,20,43,9,6,9,11,4,15,26,12,8,13,25,13,30,33,25,11,15,10,6,90,113,84,53,27,71,17,59,39,79,44,157,177,22,27,8,19,25,15,10,7,35,2,
WAS,3,9,13,2,0,9,8,4,0,0,2,9,1,11,6,5,9,5,2,29,1,12,19,12,21,13,4,4,16,25,32,4,23,19,19,14,0,7,15,19,9,2,12,22,17,4,2,0,12,15,13,10,