TEX,-0.07932003180806364
SEA,0.0403637026898247
MIL,0.358068977847516
CIN,0.27993471244066936
COL,-0.15745720398492208
SDP,0.41470281389569397
ATL,-0.02826538115005109
TOR,0.09008023477766022
CHC,0.208864206489149
CLE,0.21545190743361572
PHI,-0.21555187303912368
DET,0.18529202189319902
PIT,0.2349502263685203
MIN,0.10672102390265054
NYM,0.01558908084382541
CWS,-0.21847606889524296
BOS,0.04616226281775981
KCR,0.1303090744843452
SFG,0.03515631705541723
WAS,-0.07693784072783891
HOU,0.15291963717523296
TBR,0.0740752802259885
BAL,0.06023174577125745
NYY,0.041628008420865635
ARI,0.3912760951815711
OAK,0.08878237399370646
LAD,-0.13951584809200693
SLC,-0.4604838421937401
ANA,0.1646890161570437
MIA,-0.29320794658933874
