BOS,1210.767022613943
ANA,620.1847494442854
BAL,664.8747611877593
MIN,519.607227748366
PIT,906.731791647465
TBR,360.21883937805535
WAS,602.9468572933133
COL,372.81397888169937
CHC,533.1040807497502
ARI,267.36312569944414
NYM,1229.6809882746593
ATL,466.51969732852933
TEX,823.4763741876542
PHI,473.5148537198509
SFG,745.3042817575486
CLE,490.2284328648725
NYY,1604.3502272930846
HOU,941.1205750425818
SLC,999.2910900228169
TOR,1745.034642272061
CWS,975.5676524784976
OAK,146.820246475533
SDP,584.8852044559261
KCR,1285.4451674990535
CIN,367.5446278260304
MIA,417.8613493815416
LAD,1031.4852728398594
MIL,371.51898400104375
DET,442.04631537272314
SEA,452.5568989323643
