SDP,0.40472169663628876
CLE,0.2056614602830693
WAS,-0.09192801160550015
NYY,0.09907880517415978
SLC,-0.3440175760781487
SEA,-0.02191913369139285
CHC,0.22660422414211792
MIN,0.1767501053450074
ARI,0.37250281016619635
COL,-0.0801109126390324
TOR,0.08477727135583502
ANA,0.1373230393358123
BOS,0.06691953967841524
CIN,0.3034924052444747
CWS,-0.1442999349742726
KCR,0.1247625855518337
LAD,-0.04845096686643687
PHI,-0.08425289345857175
MIA,-0.28724541813333465
TBR,0.061343574351871
SFG,0.10719997988246262
HOU,0.12638893989083982
DET,0.12246714434128365
MIL,0.3426082654951419
TEX,-0.0378520972175747
OAK,0.13158409381058075
NYM,0.053877814509753395
ATL,-0.0562420158901945
BAL,0.1277998722820624
PIT,0.20797922293117635
