,2015-04-05,2015-04-12,2015-04-19,2015-04-26,2015-05-03,2015-05-10,2015-05-17,2015-05-24,2015-05-31,2015-06-07,2015-06-14,2015-06-21,2015-06-28,2015-07-05,2015-07-12,2015-07-19,2015-07-26,2015-08-02,2015-08-09,2015-08-16,2015-08-23,2015-08-30,2015-09-06,2015-09-13,2015-09-20,2015-09-27,2015-10-04
ANA,2,3,4,2,3,5,3,4,2,4,3,3,5,4,3,4,1,3,2,3,2,3,4,4,4,5,0
ARI,3,3,2,2,3,2,5,3,4,2,4,2,5,2,0,3,5,3,4,4,2,2,3,3,3,4,1
ATL,5,2,2,2,3,3,4,3,3,3,4,1,5,2,1,2,1,5,1,1,1,0,2,3,3,3,2
BAL,3,3,2,3,2,2,4,4,2,6,4,4,3,2,1,2,6,3,3,3,1,2,3,5,3,4,1
BOS,4,3,3,2,1,5,2,2,4,1,3,3,5,4,0,1,4,2,3,4,4,3,4,3,4,4,0
CWS,1,3,3,1,3,5,3,3,3,3,1,3,4,5,1,3,5,1,3,4,2,4,3,3,3,3,0
CHC,2,4,3,4,2,6,3,1,4,4,3,3,4,3,2,3,5,5,6,3,3,4,5,5,2,7,1
CIN,4,1,3,4,3,3,0,3,2,5,3,3,2,3,1,3,4,2,2,0,2,2,5,3,0,1,0
CLE,2,2,2,2,2,4,5,4,4,2,2,2,5,4,1,2,3,2,4,3,5,3,4,4,4,3,1
COL,4,3,3,1,0,2,3,5,4,2,2,4,1,4,1,2,3,2,1,2,2,5,3,4,2,2,1
DET,5,4,3,4,3,4,3,2,1,3,2,4,3,3,1,3,2,4,2,3,1,2,2,5,3,1,1
HOU,2,3,5,7,3,4,4,3,3,1,5,3,5,1,1,5,4,2,2,5,4,2,2,2,3,5,0
KCR,5,3,4,4,3,4,5,1,1,4,5,4,2,6,3,4,4,3,5,4,6,2,2,2,3,5,1
LAD,2,6,3,4,4,4,3,3,3,4,2,4,4,4,2,4,3,3,4,1,5,5,4,4,2,4,1
MIA,1,2,4,5,3,1,1,3,3,4,3,1,4,2,1,3,1,1,3,4,2,4,5,3,4,3,0
MIL,1,1,1,3,4,3,3,0,4,4,1,3,7,3,2,3,1,3,3,3,1,6,2,0,3,3,0
MIN,1,3,3,5,6,3,3,5,3,1,4,3,3,5,2,2,2,1,3,4,4,4,3,2,4,4,0
NYY,1,4,5,5,4,3,0,4,5,2,5,3,3,3,2,5,4,3,3,4,3,4,2,4,4,2,0
NYM,2,7,5,2,3,2,3,3,3,3,3,3,2,5,1,3,4,5,4,3,5,4,6,3,4,1,1
OAK,3,3,2,2,2,1,2,4,4,2,5,4,4,2,2,2,2,4,1,2,3,2,3,3,1,3,0
PHI,3,1,2,2,3,4,4,0,2,1,1,3,1,2,2,5,5,3,2,3,3,1,2,1,2,4,1
PIT,1,4,5,2,2,3,3,6,4,4,5,3,4,6,1,3,4,4,4,5,6,1,5,3,7,2,1
SDP,3,4,3,3,4,2,1,4,5,3,2,3,2,1,3,3,5,1,4,5,1,3,2,2,4,1,0
SEA,2,2,3,3,3,3,4,4,1,3,4,2,3,4,1,3,2,4,3,2,5,4,4,3,2,1,1
SFG,3,1,4,3,4,4,6,5,2,2,4,3,1,3,3,5,4,2,4,3,3,1,4,3,3,4,0
SLC,2,5,5,5,5,2,3,5,5,4,4,5,2,4,2,5,3,5,4,2,6,4,1,4,6,2,0
TBR,2,4,4,3,4,3,4,1,5,4,6,2,0,3,2,2,2,4,3,4,1,4,2,2,4,4,1
TEX,3,2,1,2,4,3,5,5,5,3,4,1,3,1,1,4,3,5,3,5,4,4,3,6,4,3,1
TOR,3,3,3,3,4,1,2,4,4,6,4,3,2,3,1,4,3,7,4,4,5,4,5,3,4,4,0
WAS,1,4,2,4,5,5,4,3,2,2,4,5,4,2,2,3,2,3,1,3,4,5,1,6,2,4,0
